ID,risk_score
KYW1,1015.1304000462158
KYW2,748.939784830526
KYW3,781.4828917006045
KYW4,830.1199071430464
KYW5,1221.9517620718723
KYW6,763.1514450311149
KYW7,610.7078203902664
KYW8,787.0393430790166
KYW9,566.8405309018774
KYW10,519.5944245720725
KYW11,777.3937920331513
KYW12,1027.5420128952755
KYW13,658.6935422017988
KYW14,583.8623555482682
KYW15,750.707327272616
KYW16,191.58595358742005
KYW17,263.18704867295156
KYW18,438.32336543843905
KYW19,1853.7184326734732
KYW20,1160.0311494346504
KYW21,1551.2781213203639
KYW22,855.7955202683833
KYW23,567.776007491835
KYW24,1740.561538281367
KYW25,589.4817740530515
KYW26,394.33079242608005
KYW27,682.1542799923641
KYW28,635.0617406823733
KYW29,894.7277540373973
KYW30,739.7390975140479
KYW31,304.63121822097156
KYW32,1122.825025125965
KYW33,831.7923022888621
KYW34,480.431152367426
KYW35,1508.3021537889072
KYW36,990.421540867811
KYW37,351.8700948628702
KYW38,900.5842688766005
KYW39,457.5215452017387
KYW40,1182.348302604784
KYW41,1025.9462525425788
KYW42,588.2421071171996
KYW43,874.7115779146717
KYW44,686.8784791774333
KYW45,652.8233271173245
KYW46,521.2999538727341
KYW47,855.2805464971395
KYW48,1400.32728189972
KYW49,517.0289192275968
KYW50,581.3790414060845
KYW51,222.27731004326026
KYW52,1121.4137008083885
KYW53,463.5598740595106
KYW54,561.2496953864886
KYW55,509.9872234029744
KYW56,410.07863066639385
KYW57,734.694635730767
KYW58,657.086730242891
KYW59,243.89662211665762
KYW60,306.25158579567864
KYW61,592.2167634880689
KYW62,1516.2107621593123
KYW63,882.623330786961
KYW64,745.2670045033947
KYW65,563.0337636867923
KYW66,1049.1241393683497
KYW67,1259.3898860399033
KYW68,477.3203558776689
KYW69,1254.306778570109
KYW70,756.2243949663816
KYW71,1009.6411666299164
KYW72,436.92407678399377
KYW73,223.18336535415878
KYW74,776.7425507063214
KYW75,857.0990397281095
KYW76,913.8144643151572
KYW77,1257.1559312929578
KYW78,1017.9263654389283
KYW79,784.5508083483534
KYW80,561.8905415274664
KYW81,396.25258558819354
KYW82,1313.5196004012876
KYW83,751.7721722499577
KYW84,408.3970805776675
KYW85,677.7947281974305
KYW86,615.4037503559547
KYW87,1150.3324147262654
KYW88,1044.667181040089
KYW89,286.0876003599932
KYW90,841.9350413373334
KYW91,1298.0405633383464
KYW92,1028.2146490486634
KYW93,717.2635869952892
KYW94,526.0168282393626
KYW95,399.15664680568875
KYW96,259.85510925866237
KYW97,564.8829600373546
KYW98,971.0972892337335
KYW99,963.2188909844807
KYW100,675.9133024311252
KYW101,921.7033111786866
KYW102,538.9297252300618
KYW103,877.8925650039845
KYW104,1372.9711249136526
KYW105,745.6459773686115
KYW106,1552.9610871173156
KYW107,603.7530989470889
KYW108,590.5346095331975
KYW109,733.6996240800115
KYW110,1107.122820472936
KYW111,874.5568333544081
KYW112,569.191239033128
KYW113,756.3497500346347
KYW114,893.8751522583026
KYW115,890.6811167039066
KYW116,351.4240319185809
KYW117,1486.3881815253817
KYW118,588.2587954596065
KYW119,1073.3953530608817
KYW120,614.1478497793014
KYW121,824.1919587698293
KYW122,633.1726667168789
KYW123,991.6012541170106
KYW124,881.6348058815003
KYW125,1135.849774807374
KYW126,914.6625777364566
KYW127,566.0853969182511
KYW128,1609.1358192524801
KYW129,568.5581441748498
KYW130,731.8196439731008
KYW131,953.5442993219485
KYW132,1176.115532242804
KYW133,1519.1275623309855
KYW134,714.8761777414784
KYW135,426.8953461623933
KYW136,900.0303261204772
KYW137,440.622840302182
KYW138,1470.99101548403
KYW139,573.1718979721082
KYW140,1551.3923486691344
KYW141,898.3114846396413
KYW142,745.5119876053942
KYW143,1089.4409042757811
KYW144,938.342274724188
KYW145,552.5289173333055
KYW146,586.1443772971315
KYW147,204.37901200687728
KYW148,899.2664495407141
KYW149,423.62123956529103
KYW150,283.1040195500735
KYW151,830.269073972198
KYW152,614.2401140327476
KYW153,534.1909531022267
KYW154,520.2031445929654
KYW155,808.962878258317
KYW156,1005.9931895705657
KYW157,1087.1582301383473
KYW158,444.5175082736285
KYW159,496.9540891417956
KYW160,583.2427531110092
KYW161,666.3655385447896
KYW162,993.1942049077325
KYW163,1105.9399031802013
KYW164,864.5395211469233
KYW165,762.828887258528
KYW166,580.7549388498998
KYW167,854.576399492298
KYW168,816.719654466493
KYW169,461.08016350937754
KYW170,1396.0427429637868
KYW171,1119.3423596357775
KYW172,548.453020780556
KYW173,851.9571594065956
KYW174,427.898398133526
KYW175,816.2177009296213
KYW176,222.23948278024739
KYW177,950.7170313000108
KYW178,761.2356711551935
KYW179,667.0341872890061
KYW180,556.3161131882024
KYW181,760.4995989129778
KYW182,797.4654816302999
KYW183,806.9019823765755
KYW184,1703.6427036212367
KYW185,505.45426525959965
KYW186,1897.8350164516464
KYW187,670.6691045545562
KYW188,364.12323423814456
KYW189,972.4013092771257
KYW190,678.007428650709
KYW191,842.3928791463189
KYW192,452.17349847875784
KYW193,368.9140038331815
KYW194,370.3690568320972
KYW195,725.8911301915623
KYW196,379.7026052944597
KYW197,833.0878708877375
KYW198,531.5250380738821
KYW199,469.62643094178014
KYW200,466.9528992582615
KYW201,676.1692594947058
KYW202,692.6895687332833
KYW203,760.2289344803926
KYW204,366.51423731943134
KYW205,217.06441944177587
KYW206,1476.3219315475294
KYW207,253.02657527262127
KYW208,672.947407413202
KYW209,934.1320547658187
KYW210,1658.576483313771
KYW211,936.4437596221928
KYW212,208.75574173812896
KYW213,1386.5384105630856
KYW214,600.0540680451913
KYW215,852.343728109232
KYW216,714.9294912578933
KYW217,438.8574477089744
KYW218,794.7680550213113
KYW219,1672.859853766127
KYW220,1524.0559109873775
KYW221,327.2834842710977
KYW222,273.198369615234
KYW223,1680.4960321710405
KYW224,1319.271542859061
KYW225,714.884234894044
KYW226,992.9674946234512
KYW227,466.52922151498655
KYW228,685.1242272969146
KYW229,396.8096202966863
KYW230,1075.25239020191
KYW231,821.3783053982647
KYW232,1204.9256482075057
KYW233,658.9202537996957
KYW234,342.0568518213483
KYW235,896.1203741845815
KYW236,879.258218038042
KYW237,807.0593539743452
KYW238,683.493654921462
KYW239,609.6348740583575
KYW240,606.7436236019417
KYW241,210.78562094003823
KYW242,681.5807049865574
KYW243,508.9878565052458
KYW244,391.67631149746666
KYW245,508.7940803244864
KYW246,608.767374839188
KYW247,207.5417367893413
KYW248,575.6635556075121
KYW249,570.300455669635
KYW250,969.4399914397205
KYW251,987.6116806742754
KYW252,651.0720118616581
KYW253,869.4173919807315
KYW254,695.5686321125492
KYW255,524.9800274528618
KYW256,226.000316361819
KYW257,702.9872647376966
KYW258,962.2283616540531
KYW259,639.8845555725637
KYW260,427.9586826234792
KYW261,1446.5355328047942
KYW262,886.1516739281848
KYW263,879.5747796903116
KYW264,319.08601489972006
KYW265,979.538283780313
KYW266,867.2852116893665
KYW267,699.5625809131228
KYW268,833.9874338665057
KYW269,566.3261529180161
KYW270,801.6824798410894
KYW271,1489.5192442760183
KYW272,888.940163873568
KYW273,1026.4828549780868
KYW274,1654.9751508141906
KYW275,636.8985050710929
KYW276,893.2806172002665
KYW277,1106.248404962635
KYW278,1373.7390598255138
KYW279,643.01547326689
KYW280,511.05994858274835
KYW281,588.9002527640744
KYW282,1045.6522014665716
KYW283,1585.810132292299
KYW284,769.9702143816003
KYW285,681.6104024316294
KYW286,517.1162493476361
KYW287,633.6951432011666
KYW288,765.3282877688869
KYW289,361.2363830936522
KYW290,234.46158820669854
KYW291,449.28197231991453
KYW292,1570.96274086244
KYW293,697.1971032331783
KYW294,706.6272179989236
KYW295,280.2888049261373
KYW296,851.4588869186989
KYW297,444.13205822785295
KYW298,812.0933216006993
KYW299,365.07372261513495
KYW300,946.8226238625178
KYW301,724.2441648446203
KYW302,179.69211478896216
KYW303,544.6835739522597
KYW304,571.906893101707
KYW305,534.1382679854675
KYW306,933.7293727443748
KYW307,835.9847599689923
KYW308,809.6253453224565
KYW309,355.243647567069
KYW310,883.9860053524583
KYW311,301.2765996635186
KYW312,820.8866351626785
KYW313,613.1831932845321
KYW314,1267.6525975810787
KYW315,1224.5027172056325
KYW316,603.1768751305449
KYW317,445.02038027780935
KYW318,607.5682784075116
KYW319,789.9228536880239
KYW320,546.7939789109031
KYW321,658.1480248661846
KYW322,1477.0364395142608
KYW323,507.35991391729567
KYW324,545.3597641961652
KYW325,1250.37549094572
KYW326,692.741119264906
KYW327,777.4773886244653
KYW328,648.2472527203556
KYW329,1620.3453102724206
KYW330,1189.2990938189562
KYW331,644.0122170681127
KYW332,1012.3082428238273
KYW333,771.2912757032213
KYW334,310.31960111301413
KYW335,942.2991305088948
KYW336,592.0816417615291
KYW337,1167.841739636785
KYW338,459.0658211688284
KYW339,1032.0387871490084
KYW340,353.3308540071841
KYW341,582.3751627409914
KYW342,589.5271206318356
KYW343,436.9747412359032
KYW344,755.6385754503752
KYW345,787.8283329897721
KYW346,812.0152650278728
KYW347,1336.598472434345
KYW348,1444.864469986628
KYW349,306.25158579567864
KYW350,643.6911374453272
KYW351,924.212515246766
KYW352,655.6142980470228
KYW353,882.0767344807243
KYW354,605.209136541706
KYW355,1170.274501462246
KYW356,753.4722208030514
KYW357,925.7639790087351
KYW358,475.09287256054347
KYW359,609.8228641469173
KYW360,604.2815501423569
KYW361,528.8036434775573
KYW362,967.9069220775475
KYW363,1463.6989857224758
KYW364,1044.7758188001571
KYW365,1606.5586588512335
KYW366,211.548128820745
KYW367,410.3063930673843
KYW368,591.5256385341071
KYW369,453.08417835300054
KYW370,701.2652259639735
KYW371,1348.2113484151257
KYW372,563.6087696601533
KYW373,431.199589902894
KYW374,837.0098129258076
KYW375,785.4319078572734
KYW376,1878.7283810810763
KYW377,693.1472853917613
KYW378,468.3053773281752
KYW379,1223.6478762115735
KYW380,578.4009007350311
KYW381,753.7973477903564
KYW382,1046.8115561201148
KYW383,847.4175974778295
KYW384,1478.524665862189
KYW385,509.5028393716502
KYW386,1621.6770238146096
KYW387,1224.2260723700679
KYW388,770.5268074242166
KYW389,778.6069683152784
KYW390,965.5845956997006
KYW391,509.5028393716502
KYW392,766.3122827180109
KYW393,1687.8936070427103
KYW394,684.6117974202497
KYW395,461.31612392159093
KYW396,802.3587446295116
KYW397,566.6627582347558
KYW398,863.9379585353961
KYW399,474.88757353701027
KYW400,1239.760964839042
KYW401,626.4549695466923
KYW402,626.14333749456
KYW403,1841.411739727009
KYW404,802.58148531944
KYW405,781.1390787694103
KYW406,735.3979530188059
KYW407,608.3678425012125
KYW408,614.2229819975761
KYW409,584.1397047853394
KYW410,815.6893883140963
KYW411,607.9738025866694
KYW412,335.1797208039772
KYW413,682.809242856981
KYW414,1185.7894057151739
KYW415,571.6868984645984
KYW416,726.3375568655424
KYW417,773.4948378307045
KYW418,1797.0215891229564
KYW419,556.4364526782533
KYW420,583.8491161287297
KYW421,977.5253465462386
KYW422,677.5499354653232
KYW423,610.3469817083499
KYW424,1001.2246436252759
KYW425,1092.8897841114829
KYW426,546.2356607755937
KYW427,748.3368736033328
KYW428,895.6768333771497
KYW429,760.9112812303115
KYW430,348.8364823279716
KYW431,596.7256356171637
KYW432,436.8002857211712
KYW433,482.5803899159639
KYW434,665.4847017651146
KYW435,409.396293445931
KYW436,730.2753334329334
KYW437,789.9203607990585
KYW438,323.1630978907402
KYW439,446.80895097096857
KYW440,1154.105997450881
KYW441,1534.9110854243474
KYW442,613.1359029909111
KYW443,747.0689581632058
KYW444,1552.2445464835232
KYW445,729.5983933928834
KYW446,749.3054476893673
KYW447,857.7678528511112
KYW448,652.3506025747208
KYW449,732.5082375757144
KYW450,1443.988841597319
KYW451,664.7618832319488
KYW452,1136.8588857461452
KYW453,1033.4720822314139
KYW454,754.6529210593235
KYW455,1204.8969188626095
KYW456,958.4159058817958
KYW457,1635.8254683876623
KYW458,626.0434093017511
KYW459,1269.9434906635447
KYW460,1821.477937536064
KYW461,1542.8415595556053
KYW462,599.04430659388
KYW463,1088.3806534455953
KYW464,1515.3673152891852
KYW465,380.57097324566274
KYW466,186.79536861334714
KYW467,298.6933522016469
KYW468,382.2214092483925
KYW469,730.1487208383581
KYW470,887.5180685317152
KYW471,968.4311451245471
KYW472,435.3966661894324
KYW473,1492.6813857789507
KYW474,872.7735143829279
KYW475,721.119864481748
KYW476,577.0719851318238
KYW477,1479.680484671608
KYW478,589.4992828843397
KYW479,1435.3612847151846
KYW480,819.3786963622823
KYW481,1745.889694660367
KYW482,1035.7646266233155
KYW483,721.2580685565936
KYW484,309.38602731666873
KYW485,381.1857131365073
KYW486,744.4517305995063
KYW487,505.8668022474936
KYW488,278.6108118938601
KYW489,1281.7007013367443
KYW490,271.88783524985405
KYW491,397.7143679464659
KYW492,254.42700266158045
KYW493,814.4151944143991
KYW494,322.04218104142814
KYW495,809.779286494893
KYW496,442.8160965770896
KYW497,278.3737201602414
KYW498,775.5882748420034
KYW499,1211.513990819063
KYW500,1513.5645490058187
KYW501,483.775293706315
KYW502,717.4661802692543
KYW503,1049.5500031474387
KYW504,892.9010088888193
KYW505,589.471716505909
KYW506,1479.893687360785
KYW507,1256.0552049711043
KYW508,178.19796082715928
KYW509,232.40825607667605
KYW510,224.46845096532454
KYW511,1097.8883647734447
KYW512,359.39235992037607
KYW513,260.0102215241077
KYW514,684.8942561240501
KYW515,972.1953291568133
KYW516,965.60353659296
KYW517,228.3877628898884
KYW518,179.6617282564847
KYW519,705.2949718653593
KYW520,1284.6853036411433
KYW521,583.5797078977649
KYW522,596.8407996199783
KYW523,1344.9671128429238
KYW524,663.203754799547
KYW525,999.1033850387944
KYW526,654.6549152052083
KYW527,260.8613392979611
KYW528,541.4950991089302
KYW529,587.7425994994447
KYW530,1645.466399533756
KYW531,609.5440923416095
KYW532,353.5288320201765
KYW533,275.24984215125306
KYW534,568.781407068754
KYW535,569.2542728711047
KYW536,879.5542954463391
KYW537,518.8700014486159
KYW538,705.0165640777828
KYW539,995.2357577086273
KYW540,254.68341772636782
KYW541,489.7138485497871
KYW542,858.7752410248712
KYW543,1771.563479479075
KYW544,968.2329147419437
KYW545,372.9548532377953
KYW546,1528.569485181518
KYW547,755.6041525551566
KYW548,266.0656867916347
KYW549,227.74928515651038
KYW550,739.3856330010494
KYW551,520.6660216433994
KYW552,652.747379441091
KYW553,1160.1947981035285
KYW554,555.06602102802
KYW555,484.1825384475267
KYW556,1079.0862491878754
KYW557,664.4424029776218
KYW558,198.2015249595885
KYW559,818.9222110379461
KYW560,497.0678329350438
KYW561,739.3169178857164
KYW562,807.3091519046596
KYW563,283.4036994106191
KYW564,1014.3542814696698
KYW565,644.717286314544
KYW566,899.8325748653594
KYW567,209.7064111350825
KYW568,200.654342130307
KYW569,614.8124788723867
KYW570,177.42568778131658
KYW571,342.7871835312345
KYW572,265.03318768295617
KYW573,205.1592376052604
KYW574,983.5583113481047
KYW575,479.81389571188146
KYW576,566.6340890547696
KYW577,543.1601648151374
KYW578,385.0414836199044
KYW579,723.2339933538443
KYW580,440.5657830959971
KYW581,569.9018014709599
KYW582,249.79954144590695
KYW583,421.56277135703976
KYW584,969.4588988708543
KYW585,1246.6206254724264
KYW586,773.444654862221
KYW587,1144.481210414136
KYW588,773.7879987961506
KYW589,1424.458484154851
KYW590,463.6796711418072
KYW591,228.58819042336472
KYW592,338.4501197868318
KYW593,922.3151421305369
KYW594,350.27071552535205
KYW595,662.3404505251477
KYW596,437.17769376973826
KYW597,889.6679109106943
KYW598,762.8974392659147
KYW599,451.5476770502071
KYW600,413.56112226966667
KYW601,953.2468563694132
KYW602,559.9707603192276
KYW603,249.9126427031113
KYW604,1545.792190885012
KYW605,669.8279821542445
KYW606,750.491263238512
KYW607,921.476942973744
KYW608,1557.75391388281
KYW609,369.2295245805121
KYW610,880.7525085014363
KYW611,966.4825518781641
KYW612,771.932290317689
KYW613,505.87429148602155
KYW614,182.13249747506595
KYW615,1531.2005571931259
KYW616,843.8409089477551
KYW617,361.0078732232837
KYW618,481.96787733415323
KYW619,543.2137961972238
KYW620,260.04479486602315
KYW621,461.86659353399375
KYW622,222.30197851705282
KYW623,289.61062699663137
KYW624,386.8698868431203
KYW625,497.42660980240703
KYW626,522.0218210728268
KYW627,582.4565634429521
KYW628,555.0730385678871
KYW629,510.44457138259736
KYW630,801.0286220232601
KYW631,1179.8132488964468
KYW632,782.6162365399833
KYW633,702.0637992549176
KYW634,948.9861258534861
KYW635,727.2490560218251
KYW636,656.7607253407604
KYW637,1905.7442600151653
KYW638,1129.1014459201904
KYW639,908.7785807024667
KYW640,1137.7280042564114
KYW641,518.6153433519628
KYW642,673.6031625868493
KYW643,914.7395376766378
KYW644,696.4497485353758
KYW645,1483.611060206699
KYW646,238.80459294078452
KYW647,782.2214188756805
KYW648,843.1848450848493
KYW649,232.7622634176523
KYW650,421.54414911981587
KYW651,1408.3978695379744
KYW652,657.485236474815
KYW653,785.8733959573168
KYW654,455.8774004132473
KYW655,570.6926390209597
KYW656,721.1470181633637
KYW657,813.9716528818168
KYW658,701.0005760480352
KYW659,439.3999950551288
KYW660,308.67450662220926
KYW661,568.2574353483878
KYW662,621.9606286249381
KYW663,1373.3043217422644
KYW664,1155.6625128951132
KYW665,892.1074913164149
KYW666,755.0593325505719
KYW667,943.2008927415428
KYW668,323.1370300423484
KYW669,792.0404512438341
KYW670,881.0568686451437
KYW671,810.0485372700633
KYW672,529.2008986255353
KYW673,353.350607858367
KYW674,477.7637979884399
KYW675,1164.094099667364
KYW676,436.4315272187195
KYW677,774.7925067290618
KYW678,517.443255544625
KYW679,694.6314603341335
KYW680,334.47215483834344
KYW681,1114.9643878338136
KYW682,401.7195447752532
KYW683,811.0637170421961
KYW684,847.2043641950511
KYW685,1399.6441517588253
KYW686,772.2561416909704
KYW687,590.569689683011
KYW688,247.77041208876113
KYW689,156.18569192617895
KYW690,869.9535668555046
KYW691,763.4043470876047
KYW692,219.7658204631518
KYW693,396.2293832070721
KYW694,661.1382653316979
KYW695,784.2387081145297
KYW696,573.4525299389178
KYW697,305.30873354492456
KYW698,666.4383968552731
KYW699,579.4478883641228
KYW700,1462.6304113314218
KYW701,437.08005722222236
KYW702,404.07050568343533
KYW703,696.2363578186497
KYW704,1108.3699546005491
KYW705,584.3672088293227
KYW706,184.48305785633286
KYW707,1506.3902381611795
KYW708,767.7524752265198
KYW709,460.411837155582
KYW710,512.765059151958
KYW711,1057.7489108417883
KYW712,383.147909595636
KYW713,263.6374515753098
KYW714,1570.5525950644824
KYW715,1380.5934261640691
KYW716,516.3244494867455
KYW717,757.9506613429958
KYW718,1899.7853453082475
KYW719,568.2521062099948
KYW720,668.3272333788469
KYW721,658.2482242489016
KYW722,405.5649646593666
KYW723,826.59364323072
KYW724,523.8566874376377
KYW725,794.5229623211018
KYW726,837.2688601875143
KYW727,1057.8669810682447
KYW728,1048.0923036648985
KYW729,927.4685138987803
KYW730,619.2734789837732
KYW731,793.297797014288
KYW732,620.1257732714798
KYW733,1052.841967126356
KYW734,1269.16058106667
KYW735,668.1206549872983
KYW736,535.7782588237462
KYW737,1590.4904750708672
KYW738,1044.956186331094
KYW739,440.00810670636
KYW740,574.6463375482775
KYW741,399.27916904826947
KYW742,226.86868424470262
KYW743,692.0649260585528
KYW744,683.0940478439708
KYW745,792.081127868754
KYW746,1155.2564692823037
KYW747,515.2350511815025
KYW748,1062.8062172877276
KYW749,800.8308962438307
KYW750,589.5589281104498
KYW751,768.6103641821668
KYW752,566.0736505726948
KYW753,1133.0088322261704
KYW754,960.7914636827419
KYW755,801.1621063025844
KYW756,554.2199228597659
KYW757,865.0142794435969
KYW758,1186.726307959576
KYW759,512.7688366075773
KYW760,1744.5811818221573
KYW761,907.3690898932491
KYW762,582.6571299741112
KYW763,565.4386729032599
KYW764,593.3651672822657
KYW765,248.86894589729818
KYW766,593.7956608172319
KYW767,873.2652639381662
KYW768,762.3077014493322
KYW769,228.61792860444908
KYW770,1071.601714673555
KYW771,784.9014824986381
KYW772,761.5141200045583
KYW773,539.2724241787855
KYW774,772.236695937942
KYW775,884.8285751767855
KYW776,753.9826464038612
KYW777,526.9387403726452
KYW778,992.4520436075461
KYW779,866.3421229078685
KYW780,365.65265441365176
KYW781,496.9813515003766
KYW782,446.75634942157217
KYW783,514.9733824174918
KYW784,230.73891888572766
KYW785,306.25158579567864
KYW786,1368.9665926248242
KYW787,1409.7124215052204
KYW788,543.2690375169464
KYW789,840.2592876156122
KYW790,1534.6157076808543
KYW791,608.4098682565254
KYW792,944.2655994538723
KYW793,1217.6272803075872
KYW794,875.2495156399535
KYW795,533.6313408672386
KYW796,1380.5977175439205
KYW797,494.36862529445955
KYW798,1812.263038014463
KYW799,686.8097496458774
KYW800,385.223924380317
KYW801,691.9573391260915
KYW802,650.9316531606329
KYW803,722.0492744274381
KYW804,1238.1605052983978
KYW805,633.7006397827927
KYW806,1039.6509099496586
KYW807,901.0503196060877
KYW808,1446.4710147012
KYW809,988.4748787026632
KYW810,956.101841629241
KYW811,1510.1880813984353
KYW812,648.6404832338328
KYW813,577.2083302858474
KYW814,784.9180895172746
KYW815,1435.803419953987
KYW816,721.7163610400285
KYW817,858.7971189666658
KYW818,879.1761280332117
KYW819,590.9348178568464
KYW820,746.9276457667668
KYW821,1767.7310857640298
KYW822,436.6158587845893
KYW823,803.8787253832769
KYW824,693.0345689928472
KYW825,866.4617085514761
KYW826,373.1072977834432
KYW827,863.2295889897324
KYW828,803.3387867038267
KYW829,832.2538986049137
KYW830,446.88729948327045
KYW831,356.15948446476375
KYW832,909.59265822193
KYW833,956.6892886367737
KYW834,979.0005413969254
KYW835,829.5243983185347
KYW836,899.819392750348
KYW837,908.0494342123598
KYW838,892.8112243056308
KYW839,1784.1275937903767
KYW840,1151.7520401426818
KYW841,473.4565379784299
KYW842,1262.301114015933
KYW843,793.3767178500075
KYW844,734.2064855254097
KYW845,1011.8501265968166
KYW846,876.9502287924928
KYW847,1168.9031153043452
KYW848,1646.078131343329
KYW849,1059.7183910933175
KYW850,674.3540700012364
KYW851,633.3150917035878
KYW852,602.4527912158833
KYW853,676.8747449203579
KYW854,514.6344424166703
KYW855,1562.871886715368
KYW856,589.6033225120988
KYW857,1422.8734136118346
KYW858,697.9567194698385
KYW859,784.7178181752316
KYW860,653.7628538074698
KYW861,824.2588731165662
KYW862,1454.6006883320883
KYW863,614.3492071163092
KYW864,736.2435441029704
KYW865,742.036695841802
KYW866,770.9573735652432
KYW867,618.7066896255052
KYW868,405.0857888417837
KYW869,781.1008521291075
KYW870,768.8197394990838
KYW871,832.5461762221086
KYW872,1451.1939514310238
KYW873,614.5094556474262
KYW874,760.9218403882652
KYW875,1396.9025940468402
KYW876,1049.465206506193
KYW877,1494.4526015930112
KYW878,818.0178811406397
KYW879,861.5460711950179
KYW880,1012.8901957426862
KYW881,503.2599643036499
KYW882,1554.8833202829583
KYW883,806.4484985013768
KYW884,1490.216169625598
KYW885,685.9106402715953
KYW886,560.8889897047485
KYW887,1109.6013996292022
KYW888,564.6001133542785
KYW889,745.0779682200541
KYW890,867.6418290229398
KYW891,1099.3102670596638
KYW892,694.1878737897058
KYW893,1485.985802031285
KYW894,730.2569910790054
KYW895,1019.865062282159
KYW896,842.658259999567
KYW897,1468.2779811846838
KYW898,515.6138491984342
KYW899,443.77515078639203
KYW900,439.351915604695
KYW901,1011.8751143063864
KYW902,1629.0344945254824
KYW903,1583.7807196566832
KYW904,787.946136808174
KYW905,838.6153369370672
KYW906,796.9951582692076
KYW907,954.5736521204683
KYW908,499.82059000645296
KYW909,717.763694662702
KYW910,1027.6071842043018
KYW911,1261.9564048860111
KYW912,821.3970520360989
KYW913,771.6520101146081
KYW914,477.136441888297
KYW915,698.3835561993927
KYW916,1417.8140864523823
KYW917,1517.6834442449913
KYW918,852.4255178626981
KYW919,769.1169509890187
KYW920,422.77803971134
KYW921,1060.517478726731
KYW922,895.2081821570185
KYW923,884.180309675638
KYW924,1718.807219703612
KYW925,732.3740044173559
KYW926,911.8018550611962
KYW927,475.1157893473148
KYW928,1282.293505948458
KYW929,1119.1516252639717
KYW930,1474.0583119527382
KYW931,618.363310753969
KYW932,587.9741132856026
KYW933,757.4415129500152
KYW934,753.7697729727141
KYW935,1221.9731778525677
KYW936,1456.5548491783857
KYW937,1150.2693947509708
KYW938,750.237383585236
KYW939,1461.8442920321404
KYW940,1593.4530507865747
KYW941,771.7166342996319
KYW942,732.185882840126
KYW943,642.9485624895623
KYW944,926.364831509389
KYW945,1028.5379267624353
KYW946,507.9614016881835
KYW947,744.2513702954417
KYW948,1414.3797678378705
KYW949,974.9066567501867
KYW950,731.0112178462089
KYW951,1363.9183271530014
KYW952,797.3119251580779
KYW953,540.7852498946912
KYW954,888.5087030876298
KYW955,1386.162716649742
KYW956,1255.5136833077177
KYW957,1005.0483070771211
KYW958,683.4296371379339
KYW959,715.2711288021457
KYW960,755.5380961799704
KYW961,886.9211841292066
KYW962,670.9655278892728
KYW963,1746.4287188560559
KYW964,382.6567974107003
KYW965,1699.780417858675
KYW966,481.58792624830136
KYW967,361.4848428786042
KYW968,573.627693117453
KYW969,918.857339036818
KYW970,166.17420950100788
KYW971,798.637820441297
KYW972,784.8073304662568
KYW973,1587.2322979389141
KYW974,1440.1750964676637
KYW975,306.25158579567864
KYW976,860.6048107937249
KYW977,729.5489069934682
KYW978,626.1244799295525
KYW979,358.13335571021275
KYW980,1383.1196109520456
KYW981,779.2256241859639
KYW982,512.9631947030385
KYW983,592.2429398770239
KYW984,948.3408044184501
KYW985,682.5416677951606
KYW986,753.7300227392547
KYW987,762.7353643474908
KYW988,632.7577090848023
KYW989,833.0147165325016
KYW990,1606.7655497355713
KYW991,1251.461611897659
KYW992,894.6653357505633
KYW993,553.226831716266
KYW994,589.676772764077
KYW995,628.9176496519887
KYW996,343.91966059163434
KYW997,444.6896738837965
KYW998,1407.7338547669733
KYW999,883.0587856489532
KYW1000,729.4388507668194
KYW1001,722.582583348204
KYW1002,719.9804672280593
KYW1003,542.0270405756227
KYW1004,543.1805399695304
KYW1005,1442.0636250770528
KYW1006,760.3060528272732
KYW1007,1231.2419685826628
KYW1008,1767.80248848855
KYW1009,484.16727081480974
KYW1010,1116.1283673042253
KYW1011,1196.4732178272995
KYW1012,542.3644981234193
KYW1013,588.8692316500654
KYW1014,811.8689423016492
KYW1015,799.7335891313181
KYW1016,1666.0869898491032
KYW1017,243.4752767682064
KYW1018,1181.8064293790637
KYW1019,370.55334152541695
KYW1020,306.25158579567864
KYW1021,584.0395240389652
KYW1022,539.437870612465
KYW1023,798.8878102760514
KYW1024,1466.3650797532569
KYW1025,789.6653467622591
KYW1026,1046.7005849552413
KYW1027,1637.6992561764107
KYW1028,893.5968052353666
KYW1029,666.4368921135133
KYW1030,306.25158579567864
KYW1031,191.3692850513656
KYW1032,656.5105610254017
KYW1033,1245.305392374013
KYW1034,1589.7103683371697
KYW1035,839.7232947012594
KYW1036,364.9178222968492
KYW1037,638.0121617587895
KYW1038,468.4558051182745
KYW1039,480.44139374548973
KYW1040,518.161123260113
KYW1041,705.2098202105315
KYW1042,565.7705806375603
KYW1043,1389.7768481757532
KYW1044,464.67611792149347
KYW1045,1452.1017476812758
KYW1046,872.8340128218316
KYW1047,1726.6097709149817
KYW1048,701.7328351108798
KYW1049,686.3580234255047
KYW1050,390.159730483449
KYW1051,1340.5928470573222
KYW1052,647.0726823304115
KYW1053,825.2867758749386
KYW1054,1625.6550297066312
KYW1055,683.1899237088231
KYW1056,593.7315981612829
KYW1057,1461.37558722248
KYW1058,1524.986495704865
KYW1059,963.881707993789
KYW1060,1029.3348998260415
KYW1061,876.5098511784795
KYW1062,853.472349221233
KYW1063,536.0565746772439
KYW1064,398.4703214193621
KYW1065,446.5730619657183
KYW1066,1740.0545875696778
KYW1067,699.7838505233543
KYW1068,655.5171476696839
KYW1069,853.4506842661026
KYW1070,488.2497809179058
KYW1071,596.1058756893534
KYW1072,552.5340639658614
KYW1073,771.6745210108472
KYW1074,854.1060666433497
KYW1075,585.7974662728628
KYW1076,453.34955740883356
KYW1077,740.8479817810118
KYW1078,485.72578937461185
KYW1079,645.8105472500371
KYW1080,555.9286208095035
KYW1081,778.0416751254862
KYW1082,991.1659951772149
KYW1083,797.0232161396071
KYW1084,578.499980442476
KYW1085,616.4007368413813
KYW1086,444.32778191255073
KYW1087,1399.305156080211
KYW1088,838.1046523358173
KYW1089,331.09673871970176
KYW1090,333.06803894198146
KYW1091,668.4961070236416
KYW1092,692.3053677016449
KYW1093,1343.2542448055917
KYW1094,807.9747197353978
KYW1095,699.7358046123295
KYW1096,1472.9247310724465
KYW1097,1518.779821812507
KYW1098,184.9771586464037
KYW1099,331.3771534288553
KYW1100,726.7928407128265
KYW1101,393.6845932763419
KYW1102,663.6687670305553
KYW1103,802.5604864512735
KYW1104,480.65745550297953
KYW1105,154.14866400996337
KYW1106,525.2269829596114
KYW1107,517.8775366544662
KYW1108,200.9989840355398
KYW1109,1372.7851756503205
KYW1110,663.3558462247993
KYW1111,585.2401818347095
KYW1112,675.157599487024
KYW1113,848.9046522468659
KYW1114,418.3212852063294
KYW1115,698.0629478123917
KYW1116,965.9121235799029
KYW1117,251.20553884190707
KYW1118,1265.8713421899395
KYW1119,894.0475195910968
KYW1120,409.62983313402174
KYW1121,467.7412305812518
KYW1122,438.55944369981387
KYW1123,909.337345308013
KYW1124,1202.9680810132213
KYW1125,875.2295619904652
KYW1126,912.2615682093702
KYW1127,387.27834184519764
KYW1128,902.0801383947855
KYW1129,801.2998734430176
KYW1130,1009.5846572607488
KYW1131,981.4419137599305
KYW1132,724.371844150225
KYW1133,322.3342084980822
KYW1134,323.5324232508363
KYW1135,495.0196975794191
KYW1136,872.5700605108052
KYW1137,773.0439857986509
KYW1138,718.1909692618117
KYW1139,340.28590257173295
KYW1140,774.5373534140779
KYW1141,1160.2189527266917
KYW1142,1676.297734996014
KYW1143,663.0362681899785
KYW1144,874.7711160929792
KYW1145,757.9491287085413
KYW1146,594.8730525516421
KYW1147,793.8866131353126
KYW1148,817.8755543850701
KYW1149,648.5839157007129
KYW1150,1536.658021346201
KYW1151,909.6001209530791
KYW1152,1327.6752766182797
KYW1153,702.870302075655
KYW1154,730.6515675056099
KYW1155,419.3698242546158
KYW1156,450.6461844645672
KYW1157,681.4416164750613
KYW1158,475.08156251123455
KYW1159,349.8389319827048
KYW1160,497.28774151186747
KYW1161,164.47889687552572
KYW1162,470.05322185362695
KYW1163,454.299160189839
KYW1164,464.29065707796417
KYW1165,628.5435840097217
KYW1166,1229.6724698151602
KYW1167,793.297797014288
KYW1168,801.6798200532954
KYW1169,1531.3261646523908
KYW1170,1380.614978665769
KYW1171,909.645701028196
KYW1172,350.37974859433865
KYW1173,1188.8895334260505
KYW1174,792.6455047509771
KYW1175,939.7789714506614
KYW1176,1547.9278351523178
KYW1177,672.7557398320647
KYW1178,306.25158579567864
KYW1179,719.1973507304374
KYW1180,779.4620617275302
KYW1181,750.1642028759455
KYW1182,829.2619876278465
KYW1183,306.25158579567864
KYW1184,659.171468075433
KYW1185,306.25158579567864
KYW1186,724.8822096987698
KYW1187,539.9967380008484
KYW1188,588.7196725750621
KYW1189,549.4393365499725
KYW1190,564.5419671784798
KYW1191,760.6453618878633
KYW1192,573.9970582878032
KYW1193,804.2493006100788
